UPDATE sync_runs SET status = 'failed', finished_at = 1782430426916, message = 'Superseded by direct sync SQL import' WHERE status = 'running' AND id LIKE 'sync-direct_%';
INSERT OR IGNORE INTO sync_runs (id, type, status, started_at, created_at) VALUES ('sync-direct_97d0828f-771a-4150-be68-f841aa580a09', 'direct', 'running', 1782430426916, 1782430426916);
INSERT INTO leagues (
         id, name, external_name, source, is_active, created_at, updated_at
       ) VALUES ('ancestors', 'Ancestors', 'Ancestors', 'poe_ninja', 1, 1782430427063, 1782430427063)
       ON CONFLICT(id) DO UPDATE SET
         name = excluded.name,
         external_name = excluded.external_name,
         source = 'poe_ninja',
         is_active = 1,
         updated_at = excluded.updated_at;
INSERT INTO leagues (
         id, name, external_name, source, is_active, created_at, updated_at
       ) VALUES ('mirage', 'Mirage', 'Mirage', 'poe_ninja', 1, 1782430427063, 1782430427063)
       ON CONFLICT(id) DO UPDATE SET
         name = excluded.name,
         external_name = excluded.external_name,
         source = 'poe_ninja',
         is_active = 1,
         updated_at = excluded.updated_at;
INSERT INTO leagues (
         id, name, external_name, source, is_active, created_at, updated_at
       ) VALUES ('standard', 'Standard', 'Standard', 'poe_ninja', 1, 1782430427063, 1782430427063)
       ON CONFLICT(id) DO UPDATE SET
         name = excluded.name,
         external_name = excluded.external_name,
         source = 'poe_ninja',
         is_active = 1,
         updated_at = excluded.updated_at;
UPDATE leagues
       SET is_active = 0, updated_at = 1782430427063
       WHERE source = 'poe_ninja' AND id NOT IN ('ancestors', 'mirage', 'standard');
INSERT OR IGNORE INTO item_prices (id, item_id, league_id, sync_run_id, chaos_value, source, captured_at, created_at) VALUES ('price_e1baa90d-7978-460a-bb2d-b8efca6b482c', 'chaos-orb', 'ancestors', 'sync-direct_97d0828f-771a-4150-be68-f841aa580a09', 1, 'poe_ninja', 1782430428049, 1782430428049), ('price_cfaa45a6-59b5-493e-87a3-d0ad7ada856f', 'chaos-orb', 'mirage', 'sync-direct_97d0828f-771a-4150-be68-f841aa580a09', 1, 'poe_ninja', 1782430428049, 1782430428049), ('price_f9ae2cef-223a-402e-b520-d2e78cdf523c', 'divine-orb', 'mirage', 'sync-direct_97d0828f-771a-4150-be68-f841aa580a09', 450.4, 'poe_ninja', 1782430428049, 1782430428049), ('price_d604d011-e5d6-4ba7-939a-6b9af234d9a4', 'orb-of-conflict', 'mirage', 'sync-direct_97d0828f-771a-4150-be68-f841aa580a09', 140, 'poe_ninja', 1782430428049, 1782430428049), ('price_3dcc1d08-678a-44f8-adca-933426715dc6', 'awakeners-orb', 'mirage', 'sync-direct_97d0828f-771a-4150-be68-f841aa580a09', 1658, 'poe_ninja', 1782430428049, 1782430428049), ('price_0d29b2c8-6acf-404e-b4f3-0b9beaf8f96f', 'elders-exalted-orb', 'mirage', 'sync-direct_97d0828f-771a-4150-be68-f841aa580a09', 123.8, 'poe_ninja', 1782430428049, 1782430428049), ('price_cd7fda79-b8bb-4acc-8b27-bfdcb7e8699c', 'eldritch-chaos-orb', 'mirage', 'sync-direct_97d0828f-771a-4150-be68-f841aa580a09', 33.4, 'poe_ninja', 1782430428049, 1782430428049), ('price_a32d84e0-9932-4784-9917-89622001cda5', 'eldritch-exalted-orb', 'mirage', 'sync-direct_97d0828f-771a-4150-be68-f841aa580a09', 1.85, 'poe_ninja', 1782430428049, 1782430428049), ('price_cb75fa34-1db1-42cb-b9ce-1d1095d7275b', 'eldritch-orb-of-annulment', 'mirage', 'sync-direct_97d0828f-771a-4150-be68-f841aa580a09', 25.31, 'poe_ninja', 1782430428049, 1782430428049), ('price_a661d2d7-4732-4c12-8739-6e97765d0674', 'exceptional-eldritch-ember', 'mirage', 'sync-direct_97d0828f-771a-4150-be68-f841aa580a09', 235.7, 'poe_ninja', 1782430428049, 1782430428049), ('price_989ea0d5-cba3-436b-93e0-e053eb7791cd', 'exceptional-eldritch-ichor', 'mirage', 'sync-direct_97d0828f-771a-4150-be68-f841aa580a09', 543.8, 'poe_ninja', 1782430428049, 1782430428049), ('price_8ec44963-2065-4c1f-bc62-9c0156f39a00', 'orb-dominance', 'mirage', 'sync-direct_97d0828f-771a-4150-be68-f841aa580a09', 4356, 'poe_ninja', 1782430428049, 1782430428049), ('price_6f1d88bb-30b8-4bd1-9288-14b2885fc877', 'shapers-exalted-orb', 'mirage', 'sync-direct_97d0828f-771a-4150-be68-f841aa580a09', 481, 'poe_ninja', 1782430428049, 1782430428049), ('price_a0b03172-2a4d-4983-b6ea-712dedfa0214', 'al-hezmin-crest', 'mirage', 'sync-direct_97d0828f-771a-4150-be68-f841aa580a09', 50, 'poe_ninja', 1782430428049, 1782430428049), ('price_b7ffc47d-5d3b-4d2a-8db6-cd5d01e9025c', 'awakening-fragment', 'mirage', 'sync-direct_97d0828f-771a-4150-be68-f841aa580a09', 14.1, 'poe_ninja', 1782430428049, 1782430428049), ('price_15400001-6ed5-4428-8d26-7489822aed67', 'barans-crest', 'mirage', 'sync-direct_97d0828f-771a-4150-be68-f841aa580a09', 33.83, 'poe_ninja', 1782430428049, 1782430428049), ('price_5865fdf5-2c13-4c84-b798-1c61d0cd73fe', 'blazing-fragment', 'mirage', 'sync-direct_97d0828f-771a-4150-be68-f841aa580a09', 141.1, 'poe_ninja', 1782430428049, 1782430428049), ('price_2948b190-7e42-4573-819e-f0b8b3290776', 'cosmic-fragment', 'mirage', 'sync-direct_97d0828f-771a-4150-be68-f841aa580a09', 70.87, 'poe_ninja', 1782430428049, 1782430428049), ('price_3898668d-63f5-4b65-9544-267984546063', 'decaying-fragment', 'mirage', 'sync-direct_97d0828f-771a-4150-be68-f841aa580a09', 157, 'poe_ninja', 1782430428049, 1782430428049), ('price_008cdc2c-c321-4502-af2b-3f034632c3be', 'devouring-fragment', 'mirage', 'sync-direct_97d0828f-771a-4150-be68-f841aa580a09', 226.7, 'poe_ninja', 1782430428049, 1782430428049), ('price_a2f19761-8c4d-4b70-800a-4ab0d258b47f', 'droxs-crest', 'mirage', 'sync-direct_97d0828f-771a-4150-be68-f841aa580a09', 131, 'poe_ninja', 1782430428049, 1782430428049), ('price_ec90f52f-e013-4d20-bb44-c07e1c7f6475', 'fragment-of-constriction', 'mirage', 'sync-direct_97d0828f-771a-4150-be68-f841aa580a09', 33.6, 'poe_ninja', 1782430428049, 1782430428049), ('price_0ec29aa4-f72e-4d6f-b30a-50fe8f4db534', 'fragment-of-emptiness', 'mirage', 'sync-direct_97d0828f-771a-4150-be68-f841aa580a09', 37.88, 'poe_ninja', 1782430428049, 1782430428049), ('price_d02fba67-3a7b-45cb-9fc6-0ffaf909c2e7', 'fragment-of-enslavement', 'mirage', 'sync-direct_97d0828f-771a-4150-be68-f841aa580a09', 26.88, 'poe_ninja', 1782430428049, 1782430428049), ('price_cc3fb5a5-d22b-4677-a225-c00a929920df', 'fragment-of-eradication', 'mirage', 'sync-direct_97d0828f-771a-4150-be68-f841aa580a09', 29.76, 'poe_ninja', 1782430428049, 1782430428049), ('price_995edb03-9a02-43f0-b5f4-f1dad077b5cb', 'fragment-of-knowledge', 'mirage', 'sync-direct_97d0828f-771a-4150-be68-f841aa580a09', 257.8, 'poe_ninja', 1782430428049, 1782430428049), ('price_fd0f0c13-8286-48ed-a621-f3027f05c746', 'fragment-of-purification', 'mirage', 'sync-direct_97d0828f-771a-4150-be68-f841aa580a09', 29.94, 'poe_ninja', 1782430428049, 1782430428049), ('price_cfe58611-1fd6-48de-a70e-59f998428fd4', 'fragment-of-shape', 'mirage', 'sync-direct_97d0828f-771a-4150-be68-f841aa580a09', 118.5, 'poe_ninja', 1782430428049, 1782430428049), ('price_ed628007-3a91-4f94-be6b-07ac5d8a34ea', 'fragment-of-terror', 'mirage', 'sync-direct_97d0828f-771a-4150-be68-f841aa580a09', 23.57, 'poe_ninja', 1782430428049, 1782430428049), ('price_6382419b-b7e9-4e73-886e-d9de185553c1', 'fragment-chimera', 'mirage', 'sync-direct_97d0828f-771a-4150-be68-f841aa580a09', 8.87, 'poe_ninja', 1782430428049, 1782430428049), ('price_ac0cba69-4bbb-4301-b297-e750160a0109', 'fragment-hydra', 'mirage', 'sync-direct_97d0828f-771a-4150-be68-f841aa580a09', 9.49, 'poe_ninja', 1782430428049, 1782430428049), ('price_c800f434-ba9a-47b8-9891-4ba2ea90ecde', 'fragment-minotaur', 'mirage', 'sync-direct_97d0828f-771a-4150-be68-f841aa580a09', 9.75, 'poe_ninja', 1782430428049, 1782430428049), ('price_52e7b9bd-ecd4-49e7-b168-0878f51963b9', 'fragment-phoenix', 'mirage', 'sync-direct_97d0828f-771a-4150-be68-f841aa580a09', 9.69, 'poe_ninja', 1782430428049, 1782430428049), ('price_a5beb4aa-c6c0-4581-b022-55a604724def', 'mavens-writ', 'mirage', 'sync-direct_97d0828f-771a-4150-be68-f841aa580a09', 9.63, 'poe_ninja', 1782430428049, 1782430428049), ('price_5e04df5c-6e0f-46b5-bad4-c91ca0017cfa', 'reality-fragment', 'mirage', 'sync-direct_97d0828f-771a-4150-be68-f841aa580a09', 225.9, 'poe_ninja', 1782430428049, 1782430428049), ('price_a2c7aa49-0ac5-452c-9eaf-5c17b17c1070', 'veritanias-crest', 'mirage', 'sync-direct_97d0828f-771a-4150-be68-f841aa580a09', 81.64, 'poe_ninja', 1782430428049, 1782430428049), ('price_813f06d8-ee58-4905-9bd0-e1a520b71e78', 'incandescent-invitation', 'mirage', 'sync-direct_97d0828f-771a-4150-be68-f841aa580a09', 60, 'poe_ninja', 1782430428049, 1782430428049), ('price_8eca26ac-c137-4b68-ae24-d0c23c764f12', 'screaming-invitation', 'mirage', 'sync-direct_97d0828f-771a-4150-be68-f841aa580a09', 80, 'poe_ninja', 1782430428049, 1782430428049), ('price_7747beed-fe1e-4c7e-9f24-d35216a9d0d6', 'annihilation-support', 'mirage', 'sync-direct_97d0828f-771a-4150-be68-f841aa580a09', 13.2, 'poe_ninja', 1782430428049, 1782430428049), ('price_268081ed-b8ca-4227-a229-a90441109c5c', 'awakened-empower-support', 'mirage', 'sync-direct_97d0828f-771a-4150-be68-f841aa580a09', 27824, 'poe_ninja', 1782430428049, 1782430428049), ('price_c5d7a596-966a-4959-9977-e75a707476b5', 'awakened-enhance-support', 'mirage', 'sync-direct_97d0828f-771a-4150-be68-f841aa580a09', 1776, 'poe_ninja', 1782430428049, 1782430428049), ('price_c7b060f7-2d75-44ca-be3b-a93d02e32640', 'awakened-enlighten-support', 'mirage', 'sync-direct_97d0828f-771a-4150-be68-f841aa580a09', 40493, 'poe_ninja', 1782430428049, 1782430428049), ('price_0bc6ab2c-d371-437b-8f71-b316f9adb856', 'cooldown-recovery-support', 'mirage', 'sync-direct_97d0828f-771a-4150-be68-f841aa580a09', 2723, 'poe_ninja', 1782430428049, 1782430428049), ('price_22c3f900-4ec8-4110-bf2f-c41251c07aac', 'eclipse-support', 'mirage', 'sync-direct_97d0828f-771a-4150-be68-f841aa580a09', 2960, 'poe_ninja', 1782430428049, 1782430428049), ('price_dc1ca522-a5ac-458e-b70c-37dd6d91dc70', 'eldritch-blasphemy-support', 'mirage', 'sync-direct_97d0828f-771a-4150-be68-f841aa580a09', 6, 'poe_ninja', 1782430428049, 1782430428049), ('price_6ae2102b-f843-43d2-ba0b-37a3f430325c', 'gluttony-support', 'mirage', 'sync-direct_97d0828f-771a-4150-be68-f841aa580a09', 1, 'poe_ninja', 1782430428049, 1782430428049), ('price_acb4f63f-3b69-4f16-a237-eebdb3642c7a', 'invert-the-rules-support', 'mirage', 'sync-direct_97d0828f-771a-4150-be68-f841aa580a09', 93.6, 'poe_ninja', 1782430428049, 1782430428049), ('price_6a72cb60-7184-4d3e-882c-9e61afec0d37', 'overheat-support', 'mirage', 'sync-direct_97d0828f-771a-4150-be68-f841aa580a09', 1, 'poe_ninja', 1782430428049, 1782430428049), ('price_90cc5cc3-9140-4dce-953c-20f5bc9f0a38', 'void-shockwave-support', 'mirage', 'sync-direct_97d0828f-771a-4150-be68-f841aa580a09', 45, 'poe_ninja', 1782430428049, 1782430428049), ('price_6c721b78-45a1-4a86-b1cc-ef610cdaa86f', 'voidstorm-support', 'mirage', 'sync-direct_97d0828f-771a-4150-be68-f841aa580a09', 1, 'poe_ninja', 1782430428049, 1782430428049), ('price_c84efe77-8dd5-4c18-951a-1adce73c1a9c', 'arns-anguish', 'mirage', 'sync-direct_97d0828f-771a-4150-be68-f841aa580a09', 5, 'poe_ninja', 1782430428049, 1782430428049), ('price_64e6a757-37ee-41ed-87fe-fe2a2a343965', 'ashes-of-the-stars', 'mirage', 'sync-direct_97d0828f-771a-4150-be68-f841aa580a09', 50, 'poe_ninja', 1782430428049, 1782430428049), ('price_eec1972d-5515-42f7-b944-6f973923386f', 'call-of-the-void', 'mirage', 'sync-direct_97d0828f-771a-4150-be68-f841aa580a09', 14, 'poe_ninja', 1782430428049, 1782430428049), ('price_137dabd7-675a-496e-bd8d-163a5cbf4762', 'crystallised-omniscience', 'mirage', 'sync-direct_97d0828f-771a-4150-be68-f841aa580a09', 10, 'poe_ninja', 1782430428049, 1782430428049), ('price_570ec3af-fa14-41d5-8970-78340ea92d70', 'cyclopean-coil', 'mirage', 'sync-direct_97d0828f-771a-4150-be68-f841aa580a09', 3, 'poe_ninja', 1782430428049, 1782430428049), ('price_2f488471-8cde-487f-ac94-179f8d8c1854', 'gravens-secret', 'mirage', 'sync-direct_97d0828f-771a-4150-be68-f841aa580a09', 6, 'poe_ninja', 1782430428049, 1782430428049), ('price_42cdb9e6-3de2-4eae-a132-a41607da1ed8', 'impresence-chaos', 'mirage', 'sync-direct_97d0828f-771a-4150-be68-f841aa580a09', 20, 'poe_ninja', 1782430428049, 1782430428049), ('price_e1a987b5-05e0-4020-a97f-a3e5c057c57e', 'impresence-cold', 'mirage', 'sync-direct_97d0828f-771a-4150-be68-f841aa580a09', 10, 'poe_ninja', 1782430428049, 1782430428049), ('price_9747298b-b858-41b6-a31c-8dd5516da5c4', 'impresence-fire', 'mirage', 'sync-direct_97d0828f-771a-4150-be68-f841aa580a09', 10, 'poe_ninja', 1782430428049, 1782430428049), ('price_2a429493-f0dd-41b9-9654-281960303b02', 'impresence-lightning', 'mirage', 'sync-direct_97d0828f-771a-4150-be68-f841aa580a09', 10, 'poe_ninja', 1782430428049, 1782430428049), ('price_f7e5dfa0-8848-499e-a865-3f2d7668710b', 'impresence-physical', 'mirage', 'sync-direct_97d0828f-771a-4150-be68-f841aa580a09', 18, 'poe_ninja', 1782430428049, 1782430428049), ('price_7680b198-4855-4ee3-86f4-540aac3b038a', 'mark-of-the-elder', 'mirage', 'sync-direct_97d0828f-771a-4150-be68-f841aa580a09', 6.4, 'poe_ninja', 1782430428049, 1782430428049), ('price_f5a2dd50-4a0a-4746-9a4d-ba17a3adb7d4', 'mark-of-the-shaper', 'mirage', 'sync-direct_97d0828f-771a-4150-be68-f841aa580a09', 7, 'poe_ninja', 1782430428049, 1782430428049), ('price_69fc35ba-293d-4c99-bbba-163abfe49e6b', 'nimis', 'mirage', 'sync-direct_97d0828f-771a-4150-be68-f841aa580a09', 19240, 'poe_ninja', 1782430428049, 1782430428049), ('price_330272a6-5b08-41a6-a224-7bb8f095c4d2', 'olesyas-delight', 'mirage', 'sync-direct_97d0828f-771a-4150-be68-f841aa580a09', 4.2, 'poe_ninja', 1782430428049, 1782430428049), ('price_30f41e5c-4dce-42ee-bc8b-03a21831f96f', 'solstice-vigil', 'mirage', 'sync-direct_97d0828f-771a-4150-be68-f841aa580a09', 5, 'poe_ninja', 1782430428049, 1782430428049), ('price_ed9cbcb2-e677-40df-89b9-084efd791255', 'the-burden-of-truth', 'mirage', 'sync-direct_97d0828f-771a-4150-be68-f841aa580a09', 3, 'poe_ninja', 1782430428049, 1782430428049), ('price_1080ec55-351a-4aad-b622-7c015d864040', 'the-tides-of-time', 'mirage', 'sync-direct_97d0828f-771a-4150-be68-f841aa580a09', 592, 'poe_ninja', 1782430428049, 1782430428049), ('price_88e2e551-7612-451f-b8ca-0f53d84c7f28', 'annihilations-approach', 'mirage', 'sync-direct_97d0828f-771a-4150-be68-f841aa580a09', 1000, 'poe_ninja', 1782430428049, 1782430428049), ('price_1915f382-4a25-4f75-b6f1-7cdc24a030d8', 'blasphemers-grasp', 'mirage', 'sync-direct_97d0828f-771a-4150-be68-f841aa580a09', 2.5, 'poe_ninja', 1782430428049, 1782430428049), ('price_a483d939-8e3a-4dfd-9430-23f8ed559569', 'crown-of-the-inward-eye', 'mirage', 'sync-direct_97d0828f-771a-4150-be68-f841aa580a09', 20, 'poe_ninja', 1782430428049, 1782430428049), ('price_cc7629b4-aa0f-46a3-a9df-2841cf070cc3', 'dawnbreaker', 'mirage', 'sync-direct_97d0828f-771a-4150-be68-f841aa580a09', 3, 'poe_ninja', 1782430428049, 1782430428049), ('price_b160e43d-8305-4318-9bf6-dffc05244e2a', 'dawnstrider', 'mirage', 'sync-direct_97d0828f-771a-4150-be68-f841aa580a09', 2, 'poe_ninja', 1782430428049, 1782430428049), ('price_47c85cf3-2075-4303-b9d9-13cc5c49a396', 'doppelg-nger-guise', 'mirage', 'sync-direct_97d0828f-771a-4150-be68-f841aa580a09', 100, 'poe_ninja', 1782430428049, 1782430428049), ('price_82ac4acd-4069-4a2a-b4f4-8dc26bb4e0ac', 'echoes-of-creation', 'mirage', 'sync-direct_97d0828f-771a-4150-be68-f841aa580a09', 10, 'poe_ninja', 1782430428049, 1782430428049), ('price_fe20a171-743d-4c37-957d-0823635ed919', 'entropic-devastation', 'mirage', 'sync-direct_97d0828f-771a-4150-be68-f841aa580a09', 106, 'poe_ninja', 1782430428049, 1782430428049), ('price_98cfbda1-b70c-4044-b0dd-759f1e4dcbd6', 'hands-of-the-high-templar', 'mirage', 'sync-direct_97d0828f-771a-4150-be68-f841aa580a09', 22.5, 'poe_ninja', 1782430428049, 1782430428049), ('price_599e6455-47a6-4199-b630-5230d2b9ddef', 'indigon', 'mirage', 'sync-direct_97d0828f-771a-4150-be68-f841aa580a09', 2960, 'poe_ninja', 1782430428049, 1782430428049), ('price_1ed33ce3-f879-490e-b3be-f2757154a40f', 'inextricable-fate', 'mirage', 'sync-direct_97d0828f-771a-4150-be68-f841aa580a09', 1, 'poe_ninja', 1782430428049, 1782430428049), ('price_faa0e26b-0a29-4dc0-a08e-ea3451c0d853', 'legacy-of-fury', 'mirage', 'sync-direct_97d0828f-771a-4150-be68-f841aa580a09', 7, 'poe_ninja', 1782430428049, 1782430428049), ('price_1fc65fa0-3a6a-494c-aec4-138952d8437f', 'ravenous-passion', 'mirage', 'sync-direct_97d0828f-771a-4150-be68-f841aa580a09', 20, 'poe_ninja', 1782430428049, 1782430428049), ('price_a09296e7-ce3a-42eb-ab7a-734a0c9d6402', 'shapers-touch', 'mirage', 'sync-direct_97d0828f-771a-4150-be68-f841aa580a09', 10, 'poe_ninja', 1782430428049, 1782430428049), ('price_b30cfd80-4bcd-45b8-b3e4-0ab271eae0ec', 'soul-ascension', 'mirage', 'sync-direct_97d0828f-771a-4150-be68-f841aa580a09', 501, 'poe_ninja', 1782430428049, 1782430428049), ('price_b4152ac4-2d3d-4e79-bfd9-4fbed42ad1d1', 'the-celestial-brace', 'mirage', 'sync-direct_97d0828f-771a-4150-be68-f841aa580a09', 5920, 'poe_ninja', 1782430428049, 1782430428049), ('price_9e1d81fb-f070-4309-a66a-26a3dc44d4fc', 'the-devourer-of-minds', 'mirage', 'sync-direct_97d0828f-771a-4150-be68-f841aa580a09', 15, 'poe_ninja', 1782430428049, 1782430428049), ('price_c10cb5d6-2235-4bfd-8735-dc52d7736b3a', 'the-eternity-shroud', 'mirage', 'sync-direct_97d0828f-771a-4150-be68-f841aa580a09', 25, 'poe_ninja', 1782430428049, 1782430428049), ('price_e10b40cc-38f8-4cae-a6e0-cb312c12c125', 'the-tempest-rising', 'mirage', 'sync-direct_97d0828f-771a-4150-be68-f841aa580a09', 10, 'poe_ninja', 1782430428049, 1782430428049), ('price_d2be7f75-9d27-4d50-b287-233fc28bf00d', 'viridis-veil', 'mirage', 'sync-direct_97d0828f-771a-4150-be68-f841aa580a09', 15, 'poe_ninja', 1782430428049, 1782430428049), ('price_a86c70c1-650a-4fc6-aab9-62d383f5bb3e', 'voidfletcher', 'mirage', 'sync-direct_97d0828f-771a-4150-be68-f841aa580a09', 10, 'poe_ninja', 1782430428049, 1782430428049), ('price_cf6e02a4-c673-41f1-9d2a-ddbdc87ba9a4', 'voidwalker', 'mirage', 'sync-direct_97d0828f-771a-4150-be68-f841aa580a09', 4, 'poe_ninja', 1782430428049, 1782430428049), ('price_37b3fd34-faf1-4305-9182-bd9375fdbf0d', 'dying-sun', 'mirage', 'sync-direct_97d0828f-771a-4150-be68-f841aa580a09', 4736, 'poe_ninja', 1782430428049, 1782430428049), ('price_15e48584-cc64-47de-ac43-e599567c99cc', 'oriaths-end', 'mirage', 'sync-direct_97d0828f-771a-4150-be68-f841aa580a09', 182, 'poe_ninja', 1782430428049, 1782430428049), ('price_3f254a7f-32aa-4f99-9f76-11bbb4b9e3c5', 'progenesis', 'mirage', 'sync-direct_97d0828f-771a-4150-be68-f841aa580a09', 14800, 'poe_ninja', 1782430428049, 1782430428049), ('price_41702c27-5d13-4f9c-85d1-39641db164f8', 'dissolution-of-the-flesh', 'mirage', 'sync-direct_97d0828f-771a-4150-be68-f841aa580a09', 50, 'poe_ninja', 1782430428049, 1782430428049), ('price_e71b9f17-9daf-4176-9ef2-a210cdaaf57c', 'forbidden-flame', 'mirage', 'sync-direct_97d0828f-771a-4150-be68-f841aa580a09', 30, 'poe_ninja', 1782430428049, 1782430428049), ('price_93804303-43d3-4f03-9791-70a3f5780d4d', 'forbidden-flesh', 'mirage', 'sync-direct_97d0828f-771a-4150-be68-f841aa580a09', 14, 'poe_ninja', 1782430428049, 1782430428049), ('price_79b41618-cb2d-467f-bcb0-c6709951ff73', 'impossible-escape', 'mirage', 'sync-direct_97d0828f-771a-4150-be68-f841aa580a09', 20, 'poe_ninja', 1782430428049, 1782430428049), ('price_a63fad69-c34d-425e-b224-c6eeab39bc79', 'melding-of-the-flesh', 'mirage', 'sync-direct_97d0828f-771a-4150-be68-f841aa580a09', 100, 'poe_ninja', 1782430428049, 1782430428049), ('price_8c1e16fd-467e-412f-9e9c-21f8586a3d29', 'sublime-vision', 'mirage', 'sync-direct_97d0828f-771a-4150-be68-f841aa580a09', 592, 'poe_ninja', 1782430428049, 1782430428049), ('price_9dea5fef-8ded-49f6-bf2a-4b9798c85ea9', 'thread-of-hope', 'mirage', 'sync-direct_97d0828f-771a-4150-be68-f841aa580a09', 42.8, 'poe_ninja', 1782430428049, 1782430428049);
INSERT OR IGNORE INTO item_prices (id, item_id, league_id, sync_run_id, chaos_value, source, captured_at, created_at) VALUES ('price_4bdf1543-a5ec-4a35-a995-97b0b6b40785', 'disintegrator', 'mirage', 'sync-direct_97d0828f-771a-4150-be68-f841aa580a09', 25.6, 'poe_ninja', 1782430428049, 1782430428049), ('price_16b3e90b-2709-401f-8cb1-691abefb4f36', 'echoforge', 'mirage', 'sync-direct_97d0828f-771a-4150-be68-f841aa580a09', 1000, 'poe_ninja', 1782430428049, 1782430428049), ('price_98acb27b-3d05-4647-a674-bd72472c48e3', 'hopeshredder', 'mirage', 'sync-direct_97d0828f-771a-4150-be68-f841aa580a09', 4.4, 'poe_ninja', 1782430428049, 1782430428049), ('price_7910984e-8f9d-449a-8033-8be1f58ed230', 'nebuloch', 'mirage', 'sync-direct_97d0828f-771a-4150-be68-f841aa580a09', 4.7, 'poe_ninja', 1782430428049, 1782430428049), ('price_9921f951-3c07-47db-bbce-2b71e41e0ba3', 'shimmeron', 'mirage', 'sync-direct_97d0828f-771a-4150-be68-f841aa580a09', 5, 'poe_ninja', 1782430428049, 1782430428049), ('price_79a51736-d6d0-4cf9-8f5d-da0ead6ea2b4', 'starforge', 'mirage', 'sync-direct_97d0828f-771a-4150-be68-f841aa580a09', 2368, 'poe_ninja', 1782430428049, 1782430428049), ('price_849c39c9-a040-41ea-9413-92b59ab0e79f', 'the-annihilating-light', 'mirage', 'sync-direct_97d0828f-771a-4150-be68-f841aa580a09', 10, 'poe_ninja', 1782430428049, 1782430428049), ('price_6462e6d2-e1a7-45f8-8e9c-2c3748519ba8', 'the-gluttonous-tide', 'mirage', 'sync-direct_97d0828f-771a-4150-be68-f841aa580a09', 1, 'poe_ninja', 1782430428049, 1782430428049), ('price_18d0552a-00e5-4eac-b182-1bed9b4a1bcb', 'the-saviour', 'mirage', 'sync-direct_97d0828f-771a-4150-be68-f841aa580a09', 1184, 'poe_ninja', 1782430428049, 1782430428049), ('price_0ef37744-f7b7-4106-b5cf-4e80e3ab3c2f', 'voidforge', 'mirage', 'sync-direct_97d0828f-771a-4150-be68-f841aa580a09', 8525, 'poe_ninja', 1782430428049, 1782430428049), ('price_df9100e8-55db-4e2a-b6fc-cad081de136e', 'watchers-eye-unidentified-ilvl-85', 'mirage', 'sync-direct_97d0828f-771a-4150-be68-f841aa580a09', 99, 'manual', 1782430428049, 1782430428049), ('price_8e6e46fd-7e1c-45ae-a308-b08037fa8588', 'watchers-eye-unidentified-ilvl-86-plus', 'mirage', 'sync-direct_97d0828f-771a-4150-be68-f841aa580a09', 770, 'manual', 1782430428049, 1782430428049), ('price_7a32ce7c-2e83-4441-9843-ab7d67a798e3', 'chaos-orb', 'standard', 'sync-direct_97d0828f-771a-4150-be68-f841aa580a09', 1, 'poe_ninja', 1782430428049, 1782430428049), ('price_5ae09769-768a-433c-8636-2a224ba6f5f1', 'divine-orb', 'standard', 'sync-direct_97d0828f-771a-4150-be68-f841aa580a09', 549.4, 'poe_ninja', 1782430428049, 1782430428049), ('price_b865ff15-c4d7-4b88-9bc7-d94b8f4c049a', 'eldritch-chaos-orb', 'standard', 'sync-direct_97d0828f-771a-4150-be68-f841aa580a09', 191.7, 'poe_ninja', 1782430428049, 1782430428049), ('price_4c30deb0-7162-46a7-a291-1ab925e5b50f', 'eldritch-exalted-orb', 'standard', 'sync-direct_97d0828f-771a-4150-be68-f841aa580a09', 47.28, 'poe_ninja', 1782430428049, 1782430428049), ('price_adc3065e-a7f3-421c-987d-8f0d04ff8a1d', 'eldritch-orb-of-annulment', 'standard', 'sync-direct_97d0828f-771a-4150-be68-f841aa580a09', 142.6, 'poe_ninja', 1782430428049, 1782430428049), ('price_66f6eabd-e6d2-48db-be27-f8b215ea4c7e', 'orb-of-conflict', 'standard', 'sync-direct_97d0828f-771a-4150-be68-f841aa580a09', 1319, 'poe_ninja', 1782430428049, 1782430428049), ('price_f16440b3-9bb4-47d1-94e7-233b18dbdeeb', 'awakeners-orb', 'standard', 'sync-direct_97d0828f-771a-4150-be68-f841aa580a09', 967.1, 'poe_ninja', 1782430428049, 1782430428049), ('price_998acf84-49e3-44e1-bdc0-f28a0553742d', 'elders-exalted-orb', 'standard', 'sync-direct_97d0828f-771a-4150-be68-f841aa580a09', 651.8, 'poe_ninja', 1782430428049, 1782430428049), ('price_09799bdd-07a7-47c4-9a3c-1b1b03a21f28', 'exceptional-eldritch-ember', 'standard', 'sync-direct_97d0828f-771a-4150-be68-f841aa580a09', 1338, 'poe_ninja', 1782430428049, 1782430428049), ('price_2c6ad083-1e9f-4afa-ad81-a3c862b9f601', 'exceptional-eldritch-ichor', 'standard', 'sync-direct_97d0828f-771a-4150-be68-f841aa580a09', 814.7, 'poe_ninja', 1782430428049, 1782430428049), ('price_03efe25b-95a8-49ff-b60a-00564e428c6f', 'orb-dominance', 'standard', 'sync-direct_97d0828f-771a-4150-be68-f841aa580a09', 5518, 'poe_ninja', 1782430428049, 1782430428049), ('price_adbd00b6-5f31-4fd1-9874-889c32fba87e', 'shapers-exalted-orb', 'standard', 'sync-direct_97d0828f-771a-4150-be68-f841aa580a09', 651.8, 'poe_ninja', 1782430428049, 1782430428049), ('price_8cb5dba0-ae04-42a9-b059-2bb6db000f95', 'al-hezmin-crest', 'standard', 'sync-direct_97d0828f-771a-4150-be68-f841aa580a09', 20, 'poe_ninja', 1782430428049, 1782430428049), ('price_969e0ed8-a653-46a6-80a8-78863a2d6ae9', 'awakening-fragment', 'standard', 'sync-direct_97d0828f-771a-4150-be68-f841aa580a09', 19.75, 'poe_ninja', 1782430428049, 1782430428049), ('price_fbabb348-5b92-4cea-913e-ec44c440eff7', 'barans-crest', 'standard', 'sync-direct_97d0828f-771a-4150-be68-f841aa580a09', 20, 'poe_ninja', 1782430428049, 1782430428049), ('price_5789603e-f1aa-49a3-ab0b-a0370444e982', 'blazing-fragment', 'standard', 'sync-direct_97d0828f-771a-4150-be68-f841aa580a09', 540, 'poe_ninja', 1782430428049, 1782430428049), ('price_dd0927d9-96fd-4e25-b579-d312b4db8881', 'cosmic-fragment', 'standard', 'sync-direct_97d0828f-771a-4150-be68-f841aa580a09', 138.8, 'poe_ninja', 1782430428049, 1782430428049), ('price_8b5cddf6-1925-4733-950f-6ec8e3b65d38', 'decaying-fragment', 'standard', 'sync-direct_97d0828f-771a-4150-be68-f841aa580a09', 469.5, 'poe_ninja', 1782430428049, 1782430428049), ('price_ff46a8c9-facf-4311-aeb5-2e54f396d7ca', 'devouring-fragment', 'standard', 'sync-direct_97d0828f-771a-4150-be68-f841aa580a09', 586.6, 'poe_ninja', 1782430428049, 1782430428049), ('price_ec43dd03-6ba0-4707-9404-8c92f05682f3', 'droxs-crest', 'standard', 'sync-direct_97d0828f-771a-4150-be68-f841aa580a09', 20, 'poe_ninja', 1782430428049, 1782430428049), ('price_9cedb2ae-4821-4d23-955b-ce7bc77c2959', 'fragment-of-constriction', 'standard', 'sync-direct_97d0828f-771a-4150-be68-f841aa580a09', 15, 'poe_ninja', 1782430428049, 1782430428049), ('price_f0b16b06-8629-4165-b061-4d468cd59292', 'fragment-of-emptiness', 'standard', 'sync-direct_97d0828f-771a-4150-be68-f841aa580a09', 45, 'poe_ninja', 1782430428049, 1782430428049), ('price_9cd34f93-8649-4310-a4cd-ae3f1e760a34', 'fragment-of-enslavement', 'standard', 'sync-direct_97d0828f-771a-4150-be68-f841aa580a09', 15, 'poe_ninja', 1782430428049, 1782430428049), ('price_19804e49-6669-4665-9a7a-bb3bb4462b0e', 'fragment-of-eradication', 'standard', 'sync-direct_97d0828f-771a-4150-be68-f841aa580a09', 65.18, 'poe_ninja', 1782430428049, 1782430428049), ('price_5043e93c-77ed-497d-a52d-258e622820c8', 'fragment-of-knowledge', 'standard', 'sync-direct_97d0828f-771a-4150-be68-f841aa580a09', 217.3, 'poe_ninja', 1782430428049, 1782430428049), ('price_31bb92aa-986e-4aa9-80e8-452d036fc269', 'fragment-of-purification', 'standard', 'sync-direct_97d0828f-771a-4150-be68-f841aa580a09', 162.9, 'poe_ninja', 1782430428049, 1782430428049), ('price_f11b2292-3687-4aeb-9e79-a75a191b3416', 'fragment-of-shape', 'standard', 'sync-direct_97d0828f-771a-4150-be68-f841aa580a09', 325.9, 'poe_ninja', 1782430428049, 1782430428049), ('price_c3d61bbf-4d7e-4677-85e5-bbd9d2f00631', 'fragment-of-terror', 'standard', 'sync-direct_97d0828f-771a-4150-be68-f841aa580a09', 40, 'poe_ninja', 1782430428049, 1782430428049), ('price_51ebb3aa-e126-48a7-8609-3b45d39573d1', 'fragment-chimera', 'standard', 'sync-direct_97d0828f-771a-4150-be68-f841aa580a09', 38.34, 'poe_ninja', 1782430428049, 1782430428049), ('price_7bddab00-c6eb-4467-8556-712558fa1583', 'fragment-hydra', 'standard', 'sync-direct_97d0828f-771a-4150-be68-f841aa580a09', 6, 'poe_ninja', 1782430428049, 1782430428049), ('price_5abf502f-2bf6-466b-b286-e24c30589b1d', 'fragment-minotaur', 'standard', 'sync-direct_97d0828f-771a-4150-be68-f841aa580a09', 31.04, 'poe_ninja', 1782430428049, 1782430428049), ('price_f599ad4a-27ff-40bc-bc15-7e66bdfc6abd', 'fragment-phoenix', 'standard', 'sync-direct_97d0828f-771a-4150-be68-f841aa580a09', 38.34, 'poe_ninja', 1782430428049, 1782430428049), ('price_26d97e0a-f2c0-48a1-85f2-6ea798108bca', 'mavens-writ', 'standard', 'sync-direct_97d0828f-771a-4150-be68-f841aa580a09', 162.9, 'poe_ninja', 1782430428049, 1782430428049), ('price_2a14cfae-843e-4b36-8853-c04f0480bd15', 'reality-fragment', 'standard', 'sync-direct_97d0828f-771a-4150-be68-f841aa580a09', 604.4, 'poe_ninja', 1782430428049, 1782430428049), ('price_b878dd58-e3d9-471c-90ae-7b31a745d8a6', 'veritanias-crest', 'standard', 'sync-direct_97d0828f-771a-4150-be68-f841aa580a09', 20, 'poe_ninja', 1782430428049, 1782430428049), ('price_4343babc-2cb1-4c8d-8600-13b36f30e599', 'incandescent-invitation', 'standard', 'sync-direct_97d0828f-771a-4150-be68-f841aa580a09', 515, 'poe_ninja', 1782430428049, 1782430428049), ('price_5feef101-c875-49bd-a53a-93bcf57abceb', 'screaming-invitation', 'standard', 'sync-direct_97d0828f-771a-4150-be68-f841aa580a09', 595, 'poe_ninja', 1782430428049, 1782430428049), ('price_acb5d2e1-9429-430a-8ed3-f38237b4ff55', 'annihilation-support', 'standard', 'sync-direct_97d0828f-771a-4150-be68-f841aa580a09', 74, 'poe_ninja', 1782430428049, 1782430428049), ('price_9bfb492e-6cef-45be-9dbe-e185bb911325', 'awakened-empower-support', 'standard', 'sync-direct_97d0828f-771a-4150-be68-f841aa580a09', 100183, 'poe_ninja', 1782430428049, 1782430428049), ('price_a79fa2d6-acf8-4f07-b8bd-0369f768b5b1', 'awakened-enhance-support', 'standard', 'sync-direct_97d0828f-771a-4150-be68-f841aa580a09', 24147, 'poe_ninja', 1782430428049, 1782430428049), ('price_fe98308e-f5b2-4d22-bfdb-4beb42cea085', 'awakened-enlighten-support', 'standard', 'sync-direct_97d0828f-771a-4150-be68-f841aa580a09', 43348, 'poe_ninja', 1782430428049, 1782430428049), ('price_67d9e947-a027-4b81-8e4a-8ee0291b24cb', 'awakened-multistrike', 'standard', 'sync-direct_97d0828f-771a-4150-be68-f841aa580a09', 23761, 'poe_ninja', 1782430428049, 1782430428049), ('price_ffc3db7c-7a4c-439f-a33f-d4efd2c75b64', 'cooldown-recovery-support', 'standard', 'sync-direct_97d0828f-771a-4150-be68-f841aa580a09', 21963, 'poe_ninja', 1782430428049, 1782430428049), ('price_684c468a-f3f0-4163-91a8-4aebf5e0dd59', 'eclipse-support', 'standard', 'sync-direct_97d0828f-771a-4150-be68-f841aa580a09', 7193, 'poe_ninja', 1782430428049, 1782430428049), ('price_9fdd1105-d746-4387-85a6-eba944ff86b4', 'eldritch-blasphemy-support', 'standard', 'sync-direct_97d0828f-771a-4150-be68-f841aa580a09', 332.7, 'poe_ninja', 1782430428049, 1782430428049), ('price_a34a08cb-d525-4ca9-bf59-a69b3c33a849', 'gluttony-support', 'standard', 'sync-direct_97d0828f-771a-4150-be68-f841aa580a09', 5.2, 'poe_ninja', 1782430428049, 1782430428049), ('price_cfe3f3ba-9ce7-4089-a57e-3a428e90379c', 'invert-the-rules-support', 'standard', 'sync-direct_97d0828f-771a-4150-be68-f841aa580a09', 294, 'poe_ninja', 1782430428049, 1782430428049), ('price_0aa6d802-38ae-4409-9725-c1d3f0fe53d1', 'overheat-support', 'standard', 'sync-direct_97d0828f-771a-4150-be68-f841aa580a09', 1.56, 'poe_ninja', 1782430428049, 1782430428049), ('price_5a6ed860-9b47-4b02-b22b-fb2cf29d3463', 'void-shockwave-support', 'standard', 'sync-direct_97d0828f-771a-4150-be68-f841aa580a09', 180, 'poe_ninja', 1782430428049, 1782430428049), ('price_4303f37b-efa7-41c3-b911-e4ac927e9f1c', 'voidstorm-support', 'standard', 'sync-direct_97d0828f-771a-4150-be68-f841aa580a09', 10, 'poe_ninja', 1782430428049, 1782430428049), ('price_97328db2-d6b5-4cff-bd7d-edc0d1db38f7', 'arns-anguish', 'standard', 'sync-direct_97d0828f-771a-4150-be68-f841aa580a09', 10, 'poe_ninja', 1782430428049, 1782430428049), ('price_fe2ba601-f29f-44d2-9aa6-52138f6f0e15', 'ashes-of-the-stars', 'standard', 'sync-direct_97d0828f-771a-4150-be68-f841aa580a09', 642.2, 'poe_ninja', 1782430428049, 1782430428049), ('price_372babc3-6a3b-4af4-b71b-af190489fb34', 'call-of-the-void', 'standard', 'sync-direct_97d0828f-771a-4150-be68-f841aa580a09', 50, 'poe_ninja', 1782430428049, 1782430428049), ('price_0915a6cf-1369-4299-a90f-f4b6c5ec513e', 'crystallised-omniscience', 'standard', 'sync-direct_97d0828f-771a-4150-be68-f841aa580a09', 121.5, 'poe_ninja', 1782430428049, 1782430428049), ('price_7e3fd9f3-bec4-46fe-a60d-eeb8977b7293', 'cyclopean-coil', 'standard', 'sync-direct_97d0828f-771a-4150-be68-f841aa580a09', 18.2, 'poe_ninja', 1782430428049, 1782430428049), ('price_260a6a08-f9ff-405c-b3c5-1125fe9c57c8', 'gravens-secret', 'standard', 'sync-direct_97d0828f-771a-4150-be68-f841aa580a09', 8.8, 'poe_ninja', 1782430428049, 1782430428049), ('price_733cc863-f81c-4f8f-bb2a-e00394f5d8db', 'impresence-chaos', 'standard', 'sync-direct_97d0828f-771a-4150-be68-f841aa580a09', 69.9, 'poe_ninja', 1782430428049, 1782430428049), ('price_18b507cc-95ef-4def-8b12-9a764c39f6c6', 'impresence-cold', 'standard', 'sync-direct_97d0828f-771a-4150-be68-f841aa580a09', 40, 'poe_ninja', 1782430428049, 1782430428049), ('price_fd080018-448d-48a6-a011-0a9ff7bb5c8e', 'impresence-fire', 'standard', 'sync-direct_97d0828f-771a-4150-be68-f841aa580a09', 40, 'poe_ninja', 1782430428049, 1782430428049), ('price_6706d8bf-5d71-4042-8f04-2163d085e679', 'impresence-lightning', 'standard', 'sync-direct_97d0828f-771a-4150-be68-f841aa580a09', 30.5, 'poe_ninja', 1782430428049, 1782430428049), ('price_a47e463d-ce9d-4aec-8bd7-628833bdba37', 'impresence-physical', 'standard', 'sync-direct_97d0828f-771a-4150-be68-f841aa580a09', 40, 'poe_ninja', 1782430428049, 1782430428049), ('price_a8c53447-f696-49b6-a22f-edf1f7e836f1', 'mark-of-the-elder', 'standard', 'sync-direct_97d0828f-771a-4150-be68-f841aa580a09', 20.2, 'poe_ninja', 1782430428049, 1782430428049), ('price_f800be5d-1a5d-4b61-946a-09d3bdec96ee', 'mark-of-the-shaper', 'standard', 'sync-direct_97d0828f-771a-4150-be68-f841aa580a09', 21.6, 'poe_ninja', 1782430428049, 1782430428049), ('price_737d0c71-0404-45dd-8f44-3cb30ca29568', 'nimis', 'standard', 'sync-direct_97d0828f-771a-4150-be68-f841aa580a09', 23633, 'poe_ninja', 1782430428049, 1782430428049), ('price_a2d10b92-cbe7-4274-b637-624afface057', 'olesyas-delight', 'standard', 'sync-direct_97d0828f-771a-4150-be68-f841aa580a09', 20, 'poe_ninja', 1782430428049, 1782430428049), ('price_949e2cf1-3ee2-49ad-a291-a60b8702a3d1', 'solstice-vigil', 'standard', 'sync-direct_97d0828f-771a-4150-be68-f841aa580a09', 50, 'poe_ninja', 1782430428049, 1782430428049), ('price_4b34d06b-b94a-4d67-a2c2-744b2dc27621', 'the-burden-of-truth', 'standard', 'sync-direct_97d0828f-771a-4150-be68-f841aa580a09', 6.6, 'poe_ninja', 1782430428049, 1782430428049), ('price_95ecbe47-e8c3-4895-a41d-4d9e2d6175e3', 'the-tides-of-time', 'standard', 'sync-direct_97d0828f-771a-4150-be68-f841aa580a09', 627.9, 'poe_ninja', 1782430428049, 1782430428049), ('price_c869cc2c-ee2a-496e-b8c9-70d6429bf4d5', 'annihilations-approach', 'standard', 'sync-direct_97d0828f-771a-4150-be68-f841aa580a09', 1927, 'poe_ninja', 1782430428049, 1782430428049), ('price_14f1485b-71c1-4e67-8466-615360ae6321', 'blasphemers-grasp', 'standard', 'sync-direct_97d0828f-771a-4150-be68-f841aa580a09', 32.6, 'poe_ninja', 1782430428049, 1782430428049), ('price_18c945ee-b5d8-4da2-ad82-8a38a666fec8', 'crown-of-the-inward-eye', 'standard', 'sync-direct_97d0828f-771a-4150-be68-f841aa580a09', 94.5, 'poe_ninja', 1782430428049, 1782430428049), ('price_4023bfbc-02a1-4818-b809-0a3259c72271', 'dawnbreaker', 'standard', 'sync-direct_97d0828f-771a-4150-be68-f841aa580a09', 19, 'poe_ninja', 1782430428049, 1782430428049), ('price_15ac85ca-e204-4ab4-bc69-355e166925be', 'dawnstrider', 'standard', 'sync-direct_97d0828f-771a-4150-be68-f841aa580a09', 461.5, 'poe_ninja', 1782430428049, 1782430428049), ('price_8ebb3e87-05de-460e-834a-38b6cb124304', 'doppelg-nger-guise', 'standard', 'sync-direct_97d0828f-771a-4150-be68-f841aa580a09', 642.2, 'poe_ninja', 1782430428049, 1782430428049), ('price_f52df306-4fa4-4461-9ca8-b6c7a51cce08', 'echoes-of-creation', 'standard', 'sync-direct_97d0828f-771a-4150-be68-f841aa580a09', 40, 'poe_ninja', 1782430428049, 1782430428049), ('price_499fdb63-61c9-4ad5-97b6-a69a483a81e9', 'entropic-devastation', 'standard', 'sync-direct_97d0828f-771a-4150-be68-f841aa580a09', 642.2, 'poe_ninja', 1782430428049, 1782430428049), ('price_31f76382-0058-4c37-84d8-cc9a4f08637f', 'hands-of-the-high-templar', 'standard', 'sync-direct_97d0828f-771a-4150-be68-f841aa580a09', 137.5, 'poe_ninja', 1782430428049, 1782430428049), ('price_f8c77a74-fcca-43c4-bda6-6db9386c9b5b', 'indigon', 'standard', 'sync-direct_97d0828f-771a-4150-be68-f841aa580a09', 1606, 'poe_ninja', 1782430428049, 1782430428049), ('price_e5aec750-1f7e-411a-9cf3-81227495da5b', 'inextricable-fate', 'standard', 'sync-direct_97d0828f-771a-4150-be68-f841aa580a09', 2, 'poe_ninja', 1782430428049, 1782430428049), ('price_c72c4db6-ffad-4508-a97c-22f4192d7d4f', 'legacy-of-fury', 'standard', 'sync-direct_97d0828f-771a-4150-be68-f841aa580a09', 9.5, 'poe_ninja', 1782430428049, 1782430428049), ('price_c24fdfde-66f3-42ac-87c3-bdba710d2bb9', 'ravenous-passion', 'standard', 'sync-direct_97d0828f-771a-4150-be68-f841aa580a09', 40, 'poe_ninja', 1782430428049, 1782430428049), ('price_0b5138c6-293a-4370-830e-5302ec2a82ce', 'shapers-touch', 'standard', 'sync-direct_97d0828f-771a-4150-be68-f841aa580a09', 50, 'poe_ninja', 1782430428049, 1782430428049), ('price_2e86c74d-02ba-415f-94c7-49baf4213549', 'soul-ascension', 'standard', 'sync-direct_97d0828f-771a-4150-be68-f841aa580a09', 1284, 'poe_ninja', 1782430428049, 1782430428049), ('price_4687e84c-3713-4bc0-a67b-c11ce359633d', 'the-celestial-brace', 'standard', 'sync-direct_97d0828f-771a-4150-be68-f841aa580a09', 8734, 'poe_ninja', 1782430428049, 1782430428049), ('price_d03d444d-14bd-40ee-8f81-29d278a9c41b', 'the-devourer-of-minds', 'standard', 'sync-direct_97d0828f-771a-4150-be68-f841aa580a09', 70, 'poe_ninja', 1782430428049, 1782430428049), ('price_4111607d-d5cb-40ab-976f-a10eee38be64', 'the-eternity-shroud', 'standard', 'sync-direct_97d0828f-771a-4150-be68-f841aa580a09', 642.2, 'poe_ninja', 1782430428049, 1782430428049), ('price_c05579f0-d05c-49ee-95ba-3e81d635c6ad', 'the-tempest-rising', 'standard', 'sync-direct_97d0828f-771a-4150-be68-f841aa580a09', 50, 'poe_ninja', 1782430428049, 1782430428049), ('price_da7003bf-e372-41db-b23a-8381c5fd3128', 'viridis-veil', 'standard', 'sync-direct_97d0828f-771a-4150-be68-f841aa580a09', 642.2, 'poe_ninja', 1782430428049, 1782430428049);
INSERT OR IGNORE INTO item_prices (id, item_id, league_id, sync_run_id, chaos_value, source, captured_at, created_at) VALUES ('price_f9237388-1fd1-4be6-8da1-f397d47a1e14', 'voidfletcher', 'standard', 'sync-direct_97d0828f-771a-4150-be68-f841aa580a09', 50, 'poe_ninja', 1782430428049, 1782430428049), ('price_f502442a-3fe2-43b1-b371-059c9f2d0544', 'voidwalker', 'standard', 'sync-direct_97d0828f-771a-4150-be68-f841aa580a09', 10, 'poe_ninja', 1782430428049, 1782430428049), ('price_2870dbcb-7701-421a-9ad5-ecd855af71ea', 'dying-sun', 'standard', 'sync-direct_97d0828f-771a-4150-be68-f841aa580a09', 642.2, 'poe_ninja', 1782430428049, 1782430428049), ('price_253f0dc7-aa18-448a-84cb-226c11b13dcf', 'oriaths-end', 'standard', 'sync-direct_97d0828f-771a-4150-be68-f841aa580a09', 638, 'poe_ninja', 1782430428049, 1782430428049), ('price_5552733d-6aa8-4ff4-8bb0-fe40cbddd2d7', 'progenesis', 'standard', 'sync-direct_97d0828f-771a-4150-be68-f841aa580a09', 5780, 'poe_ninja', 1782430428049, 1782430428049), ('price_58d9a9f6-6faf-43db-b2f7-3552a088251f', 'dissolution-of-the-flesh', 'standard', 'sync-direct_97d0828f-771a-4150-be68-f841aa580a09', 642.2, 'poe_ninja', 1782430428049, 1782430428049), ('price_1bfdfa8c-7896-4b3c-bb0d-a00f71926b59', 'forbidden-flame', 'standard', 'sync-direct_97d0828f-771a-4150-be68-f841aa580a09', 642.2, 'poe_ninja', 1782430428049, 1782430428049), ('price_abb2ae94-1e3a-4727-863c-07132a393978', 'forbidden-flesh', 'standard', 'sync-direct_97d0828f-771a-4150-be68-f841aa580a09', 320, 'poe_ninja', 1782430428049, 1782430428049), ('price_7c03ef1e-4c38-4e34-910c-ef0d7aa48b40', 'impossible-escape', 'standard', 'sync-direct_97d0828f-771a-4150-be68-f841aa580a09', 75, 'poe_ninja', 1782430428049, 1782430428049), ('price_5bb98e5c-0ff1-4024-bc8c-e4aeb1ea1476', 'melding-of-the-flesh', 'standard', 'sync-direct_97d0828f-771a-4150-be68-f841aa580a09', 642.2, 'poe_ninja', 1782430428049, 1782430428049), ('price_b404a839-b0a7-44fa-a2c3-5aacb84b1cb4', 'sublime-vision', 'standard', 'sync-direct_97d0828f-771a-4150-be68-f841aa580a09', 1284, 'poe_ninja', 1782430428049, 1782430428049), ('price_6c46f3c3-d9c8-4e0c-b2da-5da9ee452690', 'thread-of-hope', 'standard', 'sync-direct_97d0828f-771a-4150-be68-f841aa580a09', 50, 'poe_ninja', 1782430428049, 1782430428049), ('price_38a328d7-f8eb-4298-b737-8bc6e68b23ae', 'disintegrator', 'standard', 'sync-direct_97d0828f-771a-4150-be68-f841aa580a09', 539.5, 'poe_ninja', 1782430428049, 1782430428049), ('price_2f328254-9893-4eb5-a94a-28bc23c6727c', 'echoforge', 'standard', 'sync-direct_97d0828f-771a-4150-be68-f841aa580a09', 3211, 'poe_ninja', 1782430428049, 1782430428049), ('price_75d643b2-daec-4954-9c11-070b54a4cd4d', 'hopeshredder', 'standard', 'sync-direct_97d0828f-771a-4150-be68-f841aa580a09', 30, 'poe_ninja', 1782430428049, 1782430428049), ('price_1c4a5dc2-dae6-4286-b4cb-fe92aa766e65', 'nebuloch', 'standard', 'sync-direct_97d0828f-771a-4150-be68-f841aa580a09', 30, 'poe_ninja', 1782430428049, 1782430428049), ('price_c0e8c927-1efc-45f0-aaff-2ae679bb2251', 'shimmeron', 'standard', 'sync-direct_97d0828f-771a-4150-be68-f841aa580a09', 25, 'poe_ninja', 1782430428049, 1782430428049), ('price_7e84733c-e99a-4518-b987-df84aa9081a2', 'starforge', 'standard', 'sync-direct_97d0828f-771a-4150-be68-f841aa580a09', 3725, 'poe_ninja', 1782430428049, 1782430428049), ('price_8b9af95f-70b4-43fe-a9d0-955b7de45d60', 'the-annihilating-light', 'standard', 'sync-direct_97d0828f-771a-4150-be68-f841aa580a09', 18.8, 'poe_ninja', 1782430428049, 1782430428049), ('price_3956bcb5-bfd6-45a9-b8d1-b27bd6d540fd', 'the-gluttonous-tide', 'standard', 'sync-direct_97d0828f-771a-4150-be68-f841aa580a09', 1, 'poe_ninja', 1782430428049, 1782430428049), ('price_26ab9b70-ec13-48cb-a55d-c955a3eee77a', 'the-saviour', 'standard', 'sync-direct_97d0828f-771a-4150-be68-f841aa580a09', 5908, 'poe_ninja', 1782430428049, 1782430428049), ('price_f50f987f-4f96-4115-b1e3-afdf95d1ae09', 'voidforge', 'standard', 'sync-direct_97d0828f-771a-4150-be68-f841aa580a09', 5780, 'poe_ninja', 1782430428049, 1782430428049), ('price_0f4a3289-5c37-43ff-925c-8d14d35b2b03', 'watchers-eye-unidentified-ilvl-85', 'standard', 'sync-direct_97d0828f-771a-4150-be68-f841aa580a09', 651, 'manual', 1782430428049, 1782430428049), ('price_79b76c86-a96f-41ae-890e-2ea748ff1855', 'watchers-eye-unidentified-ilvl-86-plus', 'standard', 'sync-direct_97d0828f-771a-4150-be68-f841aa580a09', 3255, 'manual', 1782430428049, 1782430428049);
INSERT OR IGNORE INTO profit_snapshots (id, boss_id, league_id, sync_run_id, entry_cost_chaos, expected_return_chaos, expected_profit_chaos, roi_percent, divine_orb_chaos_value, is_complete, unknown_drop_count, calculated_at, created_at) VALUES ('profit_43eaface-7c1f-45aa-9e77-60648557079a', 'eater-of-worlds', 'mirage', 'sync-direct_97d0828f-771a-4150-be68-f841aa580a09', 80, 87.578, 7.578000000000003, 9.472500000000004, 450.4, 0, 1, 1782430430222, 1782430430222), ('profit_939a0122-975f-4a86-8cd2-88d10eb65c77', 'elder', 'mirage', 'sync-direct_97d0828f-771a-4150-be68-f841aa580a09', 120.18, 174.245, 54.065, 44.986686636711596, 450.4, 0, 2, 1782430430222, 1782430430222), ('profit_69f747e1-7a99-4ac7-97ed-fd354138b93c', 'exarch', 'mirage', 'sync-direct_97d0828f-771a-4150-be68-f841aa580a09', 60, 136.82299999999998, 76.82299999999998, 128.0383333333333, 450.4, 0, 2, 1782430430222, 1782430430222), ('profit_6ca0e0ff-01de-47f1-82e5-beb7b042d2c6', 'maven', 'mirage', 'sync-direct_97d0828f-771a-4150-be68-f841aa580a09', 9.63, 76.614, 66.98400000000001, 695.576323987539, 450.4, 0, 1, 1782430430222, 1782430430222), ('profit_11090e01-f6c2-425f-8723-482b9b2050af', 'shaper', 'mirage', 'sync-direct_97d0828f-771a-4150-be68-f841aa580a09', 37.8, 526.0200000000001, 488.2200000000001, 1291.587301587302, 450.4, 0, 1, 1782430430222, 1782430430222), ('profit_4a353a7d-ceb1-423a-bd6b-e6ffaaac5adc', 'sirus', 'mirage', 'sync-direct_97d0828f-771a-4150-be68-f841aa580a09', 296.46999999999997, 568.8000000000001, 272.3300000000001, 91.85752352683244, 450.4, 0, 1, 1782430430222, 1782430430222), ('profit_99aaf056-feca-4451-a10d-8451d54db365', 'uber-eater-of-worlds', 'mirage', 'sync-direct_97d0828f-771a-4150-be68-f841aa580a09', 906.8, 498.69800000000004, -408.1019999999999, -45.00463167181296, 450.4, 0, 3, 1782430430222, 1782430430222), ('profit_6a2f2b0a-148b-483b-aede-df2c2e3df2b0', 'uber-elder', 'mirage', 'sync-direct_97d0828f-771a-4150-be68-f841aa580a09', 437.75, 895.4879999999999, 457.73799999999994, 104.56607652769844, 450.4, 0, 4, 1782430430222, 1782430430222), ('profit_b7b51752-a18d-491c-8a94-a754031d59d4', 'uber-exarch', 'mirage', 'sync-direct_97d0828f-771a-4150-be68-f841aa580a09', 564.4, 425.633, -138.767, -24.586640680368532, 450.4, 0, 4, 1782430430222, 1782430430222), ('profit_21b4c8a8-0b46-4b9f-beb4-07ac3bedd11a', 'uber-maven', 'mirage', 'sync-direct_97d0828f-771a-4150-be68-f841aa580a09', 903.6, 876.829, -26.771000000000072, -2.962704736609127, 450.4, 0, 4, 1782430430222, 1782430430222), ('profit_d45a57c6-352e-41ff-9d5c-1e0217e01115', 'uber-shaper', 'mirage', 'sync-direct_97d0828f-771a-4150-be68-f841aa580a09', 283.48, 420, 136.51999999999998, 48.15860025398616, 450.4, 0, 2, 1782430430222, 1782430430222), ('profit_97486c2d-4bde-4ad6-96c6-9d93747eff55', 'uber-sirus', 'mirage', 'sync-direct_97d0828f-771a-4150-be68-f841aa580a09', 56.4, 602.7900000000001, 546.3900000000001, 968.776595744681, 450.4, 0, 2, 1782430430222, 1782430430222), ('profit_a2cd186b-acb4-40c9-a1be-20b5fbe5cae7', 'uber-uber-elder', 'mirage', 'sync-direct_97d0828f-771a-4150-be68-f841aa580a09', 628, 943.3100000000001, 315.31000000000006, 50.20859872611466, 450.4, 0, 6, 1782430430222, 1782430430222), ('profit_e4dc8a43-f650-4851-b15e-b1cdef4ce942', 'eater-of-worlds', 'standard', 'sync-direct_97d0828f-771a-4150-be68-f841aa580a09', 595, 155.658, -439.342, -73.83899159663865, 549.4, 0, 1, 1782430430222, 1782430430222), ('profit_a45e8721-4a18-441b-9064-4780e2c44a01', 'elder', 'standard', 'sync-direct_97d0828f-771a-4150-be68-f841aa580a09', 258.08000000000004, 506.588, 248.50799999999998, 96.29107253564784, 549.4, 0, 2, 1782430430222, 1782430430222), ('profit_3595c6a7-f02d-4aca-b0ae-8249c2679f7d', 'exarch', 'standard', 'sync-direct_97d0828f-771a-4150-be68-f841aa580a09', 515, 577.7919999999999, 62.791999999999916, 12.192621359223285, 549.4, 0, 2, 1782430430222, 1782430430222), ('profit_1e84ca70-835b-483f-9dd0-307c5bfb13ce', 'maven', 'standard', 'sync-direct_97d0828f-771a-4150-be68-f841aa580a09', 162.9, 539.035, 376.135, 230.89932473910375, 549.4, 0, 1, 1782430430222, 1782430430222), ('profit_7b98c9ba-6db9-46db-92b0-de7266498d25', 'shaper', 'standard', 'sync-direct_97d0828f-771a-4150-be68-f841aa580a09', 113.72, 572.722, 459.00199999999995, 403.6246922265213, 549.4, 0, 1, 1782430430222, 1782430430222), ('profit_c16b02a5-db09-484d-a92e-26890fc62c0c', 'sirus', 'standard', 'sync-direct_97d0828f-771a-4150-be68-f841aa580a09', 80, 564.9150000000001, 484.9150000000001, 606.1437500000001, 549.4, 0, 1, 1782430430222, 1782430430222), ('profit_d3a3fda7-429c-4e6e-b997-1bc0d10bd139', 'uber-eater-of-worlds', 'standard', 'sync-direct_97d0828f-771a-4150-be68-f841aa580a09', 2346.4, 849.8040000000001, -1496.596, -63.782645755199454, 549.4, 0, 3, 1782430430222, 1782430430222), ('profit_a44a21ff-43b1-413a-8a56-27a670190691', 'uber-elder', 'standard', 'sync-direct_97d0828f-771a-4150-be68-f841aa580a09', 628.2, 1646.385, 1018.185, 162.07975167144218, 549.4, 0, 4, 1782430430222, 1782430430222), ('profit_a306fa7c-428c-4ab5-bc4a-d49ba45f26e4', 'uber-exarch', 'standard', 'sync-direct_97d0828f-771a-4150-be68-f841aa580a09', 2160, 979.443, -1180.557, -54.65541666666667, 549.4, 0, 4, 1782430430222, 1782430430222), ('profit_6343eaaf-f2f5-4b39-b82b-1ba73944b2e4', 'uber-maven', 'standard', 'sync-direct_97d0828f-771a-4150-be68-f841aa580a09', 2417.6, 1822.7730000000001, -594.8269999999998, -24.60402878888153, 549.4, 0, 4, 1782430430222, 1782430430222), ('profit_a27619fe-bde7-4798-8a46-4278b3eeca77', 'uber-shaper', 'standard', 'sync-direct_97d0828f-771a-4150-be68-f841aa580a09', 555.2, 729.266, 174.06599999999992, 31.351945244956752, 549.4, 0, 2, 1782430430222, 1782430430222), ('profit_1cf39c2c-eb71-4dbb-b961-5e5923d382b6', 'uber-sirus', 'standard', 'sync-direct_97d0828f-771a-4150-be68-f841aa580a09', 79, 625.95, 546.95, 692.3417721518988, 549.4, 0, 2, 1782430430222, 1782430430222), ('profit_ce1147f6-5603-4d21-bacc-b38a8f74ddc8', 'uber-uber-elder', 'standard', 'sync-direct_97d0828f-771a-4150-be68-f841aa580a09', 1878, 1871.73, -6.269999999999982, -0.33386581469648463, 549.4, 0, 6, 1782430430222, 1782430430222);
UPDATE sync_runs SET status = 'success', finished_at = 1782430430222, message = NULL WHERE id = 'sync-direct_97d0828f-771a-4150-be68-f841aa580a09';
